Joshua,josh@gmail.com,rdp;pemdp;e,,Ghana
Joshua,josh@gmail.com,rdp;pemdp;e,Male,Ghana
"Wilson Adeyeye",adeyeyewilson@gmail.com,dkvkvnsd,Male,Nigeria
"Wilson Adeyeye",adeyeyewilson@gmail.com,dkvkvnsd,Male,Nigeria
"Kevin Durant",kevdu@gmail.com,bballdurat,Male,yeahyeah
"Kevin Durant/nkevdu@gmail.com",bballdurat,Male,yeahyeah
"Kevin Durant/nkevdu@gmail.com",bballdurat,Male,yeahyeah
"Kevin Durant /n",kevdu@gmail.com,bballdurat,Male,yeahyeah
"Kevin Durant /n",kevdu@gmail.com,bballdurat,Male,yeahyeah
,kevdu@gmail.com,bballdurat,Male,yeahyeah
,kevdu@gmail.com,bballdurat,Male,yeahyeah
,kevdu@gmail.com,bballdurat,Male,yeahyeah
,kevdu@gmail.com,bballdurat,Male,yeahyeah
,kevdu@gmail.com,bballdurat,Male,yeahyeah
,kevdu@gmail.com,bballdurat,Male,yeahyeah
,kevdu@gmail.com,bballdurat,Male,yeahyeah
,kevdu@gmail.com,bballdurat,Male,yeahyeah
,kevdu@gmail.com,bballdurat,Male,yeahyeah
"Kevin Durant<br>",kevdu@gmail.com,bballdurat,Male,yeahyeah
"Kevin Durant<br>",kevdu@gmail.com<br>,bballdurat<br>,Male<br>,yeahyeah<br>
